breeder,current_owner,reg_no,name,dob,dod,sex,sire,dam,notes,image,min_milk_yield,max_milk_yield,avg_milk_yield,height_to_withers,first_prize,second_prize,third_prize
Cappanuke,,OE000008,Agatha of Cappanuke,01/03/1998,,female,Galloway Feral,Galloway Feral,"Arrived on 19 April from  Galloway Goat Park before cull.  Became very distraught after loss of grandson.  Suffering from depression, had to be put down as she became a danger to the flock.  Should never have been taken from the hill.",,,,,,False,False,False
Angrholm,,OE000232,Angrholm Bracken,03/04/10,,female,Clarkshill Sam,Whernside Ruby,transferred to Ostrich World,,,,,,False,False,False
Angrholm,,OE000263,Angrholm Cali,20/03/2012,,female,Clarkshill Littlebilly,Angrholm Rowan,,,,,,,False,False,False
Angrholm,,OE000231,Angrholm Fern,03/04/10,,female,Clarkshill Sam,Whernside Ruby,,,,,,,False,False,False
Angrholm,,OE000326,Angrholm Jinny,16/04/14,,female,Clarkshill Littlebilly,Angrholm Rowan,,,,,,,False,False,False
Angrholm,,OE000281,Angrholm Lomi,20/03/12,,female,Clarkshill Littlebilly,Angrholm Rowan,,,,,,,False,False,False
Angrholm,Angrholm,OE000337,Angrholm Nica,24/04/15,,female,Clarkshill Ted,Whernside Nellie,,,,,,,False,False,False
Angrholm,,OE000264,Angrholm Ria,23/04/12,,female,Clarkshill Sam,Whernside Nellie,,,,,,,False,False,False
Angrholm,,OE000230,Angrholm Rowan,31/03/10,,female,Clarkshill Sam,Whernside Quean,,,,,,,False,False,False
Angrholm,,OE000291,Angrholm Tanne,14/04/13,,female,Clarkshill SamClarkshill Sam,Whernside Nellie,,,,,,,False,False,False
Angrholm,,OE000325,Angrholm Tansy,08/04/14,,female,Clarkshill Littlebilly,Whernside Nellie,,,,,,,False,False,False
Angrholm,,OE000324,Angrholm Tilly,08/04/14,,female,Clarkshill Littlebilly,Whernside Nellie,,,,,,,False,False,False
Angrholm,,OE000290,Angrholm Vanya,14/04/13,,female,Clarkshill Sam,Whernside Nellie,,,,,,,False,False,False
Autumnwood,,OE000145,Autumn Juno,05/04/2008,,female,George of Clarkshill,Clarkshill Molly,,,,,,,False,False,False
Autumnwood,,OE000227,Autumnwood Anabelle,31/03/10,,female,Clarkshill Archie,Clarkshill Trinity,,,,,,,False,False,False
Autumnwood,,OE000226,Autumnwood Anousha,31/03/10,,female,Clarkshill Archie,Clarkshill Trinity,,,,,,,False,False,False
Broadwood,,OE000299,Broadwood Minnow,22/06/13,,female,Clarkshill Archie,Clarkshill Primrose,,,,,,,False,False,False
Broadwood,,OE000271,Broadwood Thistle,18/05/12,,female,Clarkshill Archie,Clarkshill Primrose,,,,,,,False,False,False
Brynatine,,OE000173,Brynatine Blackthorn,20/04/04,,female,Whernside Leonard,Sibthorpe Whitby,,,,,,,False,False,False
Brynatine,,OE000171,Brynatine Clover,29/12/05,,female,Whernside Leonard,Sherwood Jacqui,,,,,,,False,False,False
Brynatine,,OE000170,Brynatine Cowslip,29/12/05,,female,Whernside Leonard,Sherwood Jacqui,,,,,,,False,False,False
Brynatine,,OE000174,Brynatine Daisymay,25/04/06,,female,Whernside Leonard,Brynatine Jessica,,,,,,,False,False,False
Brynatine,,OE000214,Brynatine Fireweed,08/09,,female,Clarkshill Isaac,Brynatine Cowslip,,,,,,,False,False,False
Brynatine,,OE000215,Brynatine Flax,08/09,,female,Clarkshill Isaac,Brynatine Cowslip,,,,,,,False,False,False
Brynatine,,OE000213,Brynatine Foxglove,9,,female,Clarkshill Isaac,Brynatine Daisymay,,,,,,,False,False,False
Brynatine,,OE000212,Brynatine Gonkey,8/09,,male,Clarkshill Isaac,Brynatine Blackthorn,,,,,,,False,False,False
Brynatine,,OE000172,Brynatine Jessica,16/03/01,,female,Makepeace Poins,Sibthorpe Whitby,,,,,,,False,False,False
Cappanuke,,OE000054,Cappanuke 01,24/05/2005,,male,Cappanuke Cuthbert,Cappanuke Emma,"Born 0745 out of Emma by Cuthbert. Number reassigned
Breach birth.  Born with deformed shoulders and legs.  Put down by Vet",,,,,,False,False,False
Cappanuke,,OE000005,Cappanuke Alice,01/12/2003,,female,Robienne Cador,Meadowherb Primrose,"Born out of Elvina by Cad.  2nd of twin girls, twin sister was stillborn.
Became ill - stopped eating/drink - autopsy results - kidney failure",,,,,,False,False,False
Cappanuke,,OE000086,Cappanuke Amy,14/03/2006,,female,Cappanuke Cuthbert,Cappanuke Dorcas,Born 1436 out of Dorcas by Cuthbert,,,,,,False,False,False
Cappanuke,,OE000085,Cappanuke Arthur,14/03/2006,,male,Cappanuke Cuthbert,Cappanuke Dorcas,"Born 1433 out of Dorcas by Cuthbert
9 May - Suffered seizure @1925",,,,,,False,False,False
Cappanuke,,OE000034,Cappanuke Cadette,28/12/2004,,female,Robienne Cador,Makepeace Cressida,"Born at 0700 out of Cressy by Cad. One of twins.  Black and white � Cad�s markings
Tag  73 damaged - destroyed and reassigned 116",,,,,,False,False,False
Cappanuke,,OE000140,Cappanuke Carstairs,16/12/2007,,male,Cappanuke Claude,Cappanuke Monica,,,,,,,False,False,False
Cappanuke,,OE000130,Cappanuke Claude,22/12/2006,,male,Cappanuke Marmaduke,Cappanuke Cadette,Born 1338 out of Cadette by Chuffy.  One of twins,,,,,,False,False,False
Cappanuke,,OE000004,Cappanuke Cuthbert,21/10/2003,,male,Robienne Cador,Makepeace Cressida,"Born at 1400 out of Cressy by Cad. A really good English Billy
Put down - interludes became more frequent.",,,,,,False,False,False
Cappanuke,,OE000033,Cappanuke Cyril,28/12/2004,,male,Robienne Cador,Makepeace Cressida,"Has Cressy�s markings.
Developed an umbilical hernia @ 6 weeks old.  Examined by vet and decided to put him down as it was the sort that could become strangulated and is a heredity feature passed down by both male and female lines.",,,,,,False,False,False
Cappanuke,,OE000080,Cappanuke Dainty,28/12/2005,,female,Cappanuke Cuthbert,Eshlaude Dora,Born 1405 out of Dora by Cuthbert,,,,,,False,False,False
Cappanuke,,OE000081,Cappanuke Darcy,28/12/2005,,male,Cappanuke Cuthbert,Eshlaude Dora,"Born 1410 out of Dora by Cuthbert
Poor temperament - round the twist!",,,,,,False,False,False
Cappanuke,,OE000049,Cappanuke Dorcas,06/03/2005,,female,Cappanuke Harvey,Eshlaude Dora,"Born 0930 out of Dora by Harvey
Poor temperament - poor udder",,,,,,False,False,False
Cappanuke,,OE000029,Cappanuke Edward,08/04/2004,,male,Robienne Cador,Makepeace Dainty,"Born 1917 out of Dainty by Cad - Born mispresented -  head first. 
4 May 04 - Found dead - Cause unknown",,,,,,False,False,False
Cappanuke,,OE000075,Cappanuke Emerald,08/01/2006,,female,Cappanuke Cuthbert,Cappanuke Emma,Born 1310 out of Emma by Cuthbert,,,,,,False,False,False
Cappanuke,,OE000028,Cappanuke Emma,08/04/2004,,female,Robienne Cador,Makepeace Dainty,"Born 1925 out of Dainty by Cad - One of Twins.  
Both her mother and grand mother died of anorexia shortly after giving kidding
Lost ear tag 056 - assigned new tag 120

Nanny list as of 7 Dec 04",,,,,,False,False,False
Cappanuke,,OE000139,Cappanuke Fairfax,16/12/2007,,male,Cappanuke Claude,Cappanuke Monica,,,,,,,False,False,False
Cappanuke,,OE000133,Cappanuke Gareth,24/12/2006,,male,Cappanuke Marmaduke,Cappanuke Jane,Born @ 0715 out of Jane by Chuffy.  One of twins - Darker colour - white mark mid spine,,,,,,False,False,False
Cappanuke,,OE000134,Cappanuke Geoffrey,24/12/2006,,male,Cappanuke Marmaduke,Cappanuke Jane,Born @0730 out of Jane by Chuffy.  One of twins - Lighter colour and slightly smaller,,,,,,False,False,False
Cappanuke,,OE000082,Cappanuke Gilbert,29/12/2005,,male,Cappanuke Lucius,Cappanuke Beth,"Born  1925 out of Beth by Luke - fiesty little handful
Bad temperament",,,,,,False,False,False
Cappanuke,,OE000014,Cappanuke Hannah,24/03/2004,,female,Robienne Cador,Talisman Myrtle,"Born 1631 out of Myrtle by Cad
1 Aug 06 - Abattoir",,,,,,False,False,False
Cappanuke,,OE000015,Cappanuke Harvey,24/03/2004,,male,Robienne Cador,Talisman Myrtle,"Born 1625 - Out of Myrtle by Cad
From January  05 onwards became increasingly erratic in behaviour towards other nannies and kids � tried taking on Cuthbert for senior billy status.  Believed to have small stroke which affected his brain towards end Feb.  7 Mar attacked Clare, Luke and Noisy for no reason and attacked Hannah, Shelia and Shona next day",,,,,,False,False,False
Cappanuke,,OE000007,Cappanuke Jade,08/06/2003,,female,Millwind Jester,Millwind Miss,"Born 2045 out of  Misty by Millwind Jester.
Sold to Mrs H Shields, 33 Gravir
Returned after loss of home
Only one from returning from Gravir not badly affected by Liver Fluke, but temperament with other goats still bad and not wanted by  the flock � 
especially her mother.
See BGS Year Book 1981 P23 ref colour.  Put down - poor temperament",,,,,,False,False,False
Cappanuke,,OE000006,Cappanuke Jasper,08/06/2003,,male,Millwind Jester,Millwind Miss,"Born 2030 out of Misty by Millwind Jester.
Jul 03 developed abscess near umbilical cord.  Treated by Vet
Aug 03 slight hernia, vet notified
15 Oct 03 Starting to show rogue temperament � not a good mating.
Nov 03 abscess on nose � treated by vet.
Doubts over immune system.  Confirmation not developing properly - poor rear end",,,,,,False,False,False
Cappanuke,,OE000132,Cappanuke Kate,25/03/2007,,female,Cappanuke Marmaduke,Cappanuke Emerald,Born @0730,,,,,,False,False,False
Cappanuke,,OE000041,Cappanuke Lucius,07/03/2005,,male,Cappanuke Cuthbert,Clare of Cappanuke,"Born 0845 out of Clare by Cuthbert
1 Aug 06 - Abattoir",,,,,,False,False,False
Cappanuke,,OE000027,Cappanuke Margo,29/03/2004,,female,Robienne Cador,Millwind Miss,"Out of Misty by Cad at 1400 - One of twins - male still born
Nanny list as of 7/12/4 - Chip off the old block!
 Very poor udder attachment - large bottle udder but only attached over a small area.
Temperament with other goats failing",,,,,,False,False,False
Cappanuke,,OE000037,Cappanuke Marmaduke,16/01/2005,,male,Cappanuke Cuthbert,Millwind Miss,"Born 1025 out of Misty by Cuthbert - one of twins
Early 2006 had interlude, dosed with Cod Liver Oil and apparently recovered.
Oct 06 behavoir erratic after arrival of another billy.  Lost cotrol of senses when Miranda came into season and started attacking his mother etc.  Decide not to take any changes although he calmed down again",,,,,,False,False,False
Cappanuke,,OE000038,Cappanuke Maud,16/01/2005,,female,Cappanuke Cuthbert,Millwind Miss,Born 1045 out of Misty by Cuthbert. Onew of twins,,,,,,False,False,False
Cappanuke,,OE000077,Cappanuke Mimi,22/02/2006,,female,Cappanuke Cuthbert,Cappanuke Margo,"Born 1020. One of Twins - Thin eel stripe - lighter coat.
24/1/7 - Appeared to have fit.  Started to lose condition and ceased being part of flock.  Put down.",,,,,,False,False,False
Cappanuke,,OE000030,Cappanuke Miracle,02/05/2004,,male,Galloway Feral,Fatima of Cappanuke,"Born out of Fatima by a Feral Herd Billy much to everyone�s amazement.
31 May 04 - Found dead in the morning.  No apparent cause of death, but had a slight touch of sunstroke two days earlier",,,,,,False,False,False
Cappanuke,,OE000076,Cappanuke Miranda,22/02/2006,,female,Cappanuke Cuthbert,Cappanuke Margo,Born 1005 out of Margo by Cuthbert.  One of twins - Thick eel stripe - darker coat. White patch on forehead.,,,,,,False,False,False
Cappanuke,,OE000131,Cappanuke Monica,28/12/2006,,female,Cappanuke Gilbert,Cappanuke Maud,Born 0905 out of Maud by Gilbert,,,,,,False,False,False
Cappanuke,,OE000035,Cappanuke Roderick,02/01/2005,,male,Robienne Cador,Talisman Briarny,"Born 0600 out of Briarny by Cad
One of twins- Black belly
Could not settle back in flock.  Started to show signs of instablility
Put down",,,,,,False,False,False
Cappanuke,,OE000036,Cappanuke Rose,02/01/2005,,female,Robienne Cador,Talisman Briarny,Born 0630 out of Briarny by Cad.  One of twins.  White patch on forehead,,,,,,False,False,False
Cappanuke,,OE000074,Cappanuke Rupert,28/12/2005,,male,Cappanuke Lucius,Cappanuke Rose,"Born 1450 out of Rose by Luke
Very Jekyll and Hyde in nature.  Not very discriminate with his horns",,,,,,False,False,False
Cappanuke,,OE000043,Cappanuke Ruth,28/03/2005,,female,Cappanuke Harvey,Crescendo of Cappanuke,Born 1245 out of Noisy by Harvey,,,,,,False,False,False
Cappanuke,,OE000084,Cappanuke Sarah,14/03/2006,,female,Cappanuke Cuthbert,Cappanuke Sheila,Born @1020 out of Sheila by Cuthbert,,,,,,False,False,False
Cappanuke,,OE000039,Cappanuke Sheila,06/03/2005,,female,Tufty of Cappanuke,Cappanuke Hannah,"Born 1220 out of Hannah by Tufty - one of twins
June - health deteriorating - losing ability to convert food properly",,,,,,False,False,False
Cappanuke,,OE000040,Cappanuke Shona,06/03/2005,,female,Tufty of Cappanuke,Cappanuke Hannah,"Born 1240 out of Hannah by Tufty
1 Aug 06 - Abattoir",,,,,,False,False,False
Cappanuke,,OE000083,Cappanuke Stephanie,14/03/2006,,female,Cappanuke Cuthbert,Cappanuke Sheila,Born @1020 out of Sheila by Cuthbert,,,,,,False,False,False
Cappanuke,,OE000003,Cappanuke Tramp,14/09/2003,,male,Robienne Cador,Makepeace Doxy,"Born 0730 out of Doxy by Cad -  Firstly truly Calbost goat!
As at 8 Dec 03, not making the grade: by 8 Jan 04 was back on track thank goodness.
Developed 2 extra nipples June 04 and suffered 2 strokes and after the 2nd one started to lose control of limbs.",,,,,,False,False,False
Caprica,,OE000292,Caprica Gracie,24/06/13,,female,Whernside Wilfred,Talisman Pearl,,,,,,,False,False,False
Cappanuke,,OE000013,Clare of Cappanuke,01/03/2003,,female,Galloway Feral,Galloway Feral,"Arrived on 19 April from  Galloway Goat Park before cull.
1 Aug 06 - Abattoir",,,,,,False,False,False
Clarkshill,,OE000166,Clarkshil Niobe,04/07,,female,Roachburn Kelvin,?Clarkshill Molly II,,,,,,,False,False,False
Clarkshill,,OE000177,Clarkshill Archie,02/04/08,,male,George of Clarkshill,Whernside Edna,,,,,,,False,False,False
Clarkshill,,OE000158,Clarkshill Bev,08/07/06,,female,Clarkshill Ben,Clarkshill Dot,,,,,,,False,False,False
Clarkshill,,OE000206,Clarkshill Clara,29/03/09,,female,McTavish of Talisman,Clarkshill Maisey,,,,,,,False,False,False
Clarkshill,,OE000178,Clarkshill David,04/04/08,,male,George of Clarkshill,Clarkshill Maisey,one season with Talisman  herd then to Marg. Silcock. Sold 2011,,,,,,False,False,False
Clarkshill,,OE000153,Clarkshill Dorothy,23/03/04,,female,Clarkshill William,Clarkshill Maisey,EGBA-A1871,,,,,,False,False,False
Clarkshill,,OE000154,Clarkshill Dot,21/03/05,,female,Roachburn Kelvin,Whernside Edna,,,,,,,False,False,False
Clarkshill,,OE000211,Clarkshill Edna,04/04/10`,,female,Newton of Whernside,Clarkshill Maisey,dead,,,,,,False,False,False
Clarkshill,,OE000210,Clarkshill Foxglove,15/03/10,,female,Newton of Whernside,Clarkshill Madge,,,,,,,False,False,False
Clarkshill,,OE000207,Clarkshill Harry,29/03/09,,male,McTavish of Talisman,Clarkshill Maisey,,,,,,,False,False,False
Clarkshill,,OE000180,Clarkshill Isaac,04/08,,male,George of Clarkshill,Clarkshill Dot,went to  Denny Allan's,,,,,,False,False,False
Clarkshill,,OE000209,Clarkshill Janet,22/03/10,,female,Newton of Whernside,Clarkshill Dorothy,eye problems,,,,,,False,False,False
Clarkshill,,OE000255,Clarkshill Jean,29/03/11,,female,Clarkshill Littlebilly,Clarkshill Clara,accidental death,,,,,,False,False,False
Clarkshill,,OE000159,Clarkshill Joy,12/04/06,,female,Clarkshill Ben,Whernside Edna,,,,,,,False,False,False
Clarkshill,,OE000161,Clarkshill Littlebilly,02/04/08,,male,George of Clarkshill,Whernside Edna,,,,,,,False,False,False
Clarkshill,,OE000155,Clarkshill Madge,21/03/05,,female,Roachburn Kelvin,Whernside Edna,,,,,,,False,False,False
Clarkshill,,OE000152,Clarkshill Maisey,02/04/00,,female,Linjen Ronan,Whernside Edna,EGBA- B1786,,,,,,False,False,False
Clarkshill,,OE000208,Clarkshill Molly  IV,22/03/09,,female,McTavish of Talisman,Clarkshill Molly III,,,,,,,False,False,False
Clarkshill,,OE000167,Clarkshill Molly II,29/03/05,,female,Clarkshill Jack,Clarkshill Clover,,,,,,,False,False,False
Clarkshill,,OE000156,Clarkshill Molly III,04/07,,female,Roachburn Kelvin,Clarkshill Molly II,,,,,,,False,False,False
Clarkshill,,OE000181,Clarkshill Peter,04/08,,male,George of Clarkshill,Clarkshill Dorothy,,,,,,,False,False,False
Clarkshill,,OE000256,Clarkshill Primrose,09/04/11,,female,Clarkshill Sam,Clarkshill Madge,,,,,,,False,False,False
Clarkshill,,OE000204,Clarkshill Rosebud,22/03/09,,female,McTavish of Talisman,Talisman Rosie,,,,,,,False,False,False
Clarkshill,,OE000164,Clarkshill Sam,04/08,,male,George of Clarkshill,Clarkshill Dot,,,,,,,False,False,False
Clarkshill,,OE000205,Clarkshill Ted,31/05/09,,male,McTavish of Talisman,Mary of Clarkshill,,,,,,,False,False,False
Clarkshill,,OE000165,Clarkshill Trinity,04/07,,female,Roachburn Kelvin,?Clarkshill Madge,,,,,,,False,False,False
Cappanuke,,OE000011,Coleen of Cappanuke,01/03/2003,,female,Galloway Feral,Galloway Feral,"Arrived on 19 April from  Galloway Goat Park before cull.  
Did not recover from starvation on the hills.  Died 0800 in our arms.  
Another death due to lack of feeding by the Forestry Commission and SNH!",,,,,,False,False,False
Cappanuke,,OE000012,Crescendo of Cappanuke,01/03/2003,,female,Galloway Feral,Galloway Feral,"Arrived on 19 April from  Galloway Goat Park before cull.
Bad case of mange on arrival.  Sprayed with alamycin and cleared up within a week.  Coat grew back thick and shiny.  Possibly sister of Clare
1 Aug 06 - Abattoir",,,,,,False,False,False
Dublin,,UK3,Dublin Amber,,,male,Boniface Oak,Anya of Dublin,,,,,,,False,False,False
Dublin,,OE000138,Dublin Emerald,26/09/2007,,female,Boniface Oak,Daisy May,,,,,,,False,False,False
Cappanuke,,OE000009,Fatima of Cappanuke,01/03/2000,,female,Galloway Feral,Agatha of Cappanuke,Arrived on 19 April from  Galloway Goat Park before cull. Daughter of Agatha. 1st to domesticate. Reached a certain point of domestication then started to revert to feral and started to try and gouge goats and dogs. Thrown out by main flock - pointless to continue with her.,,,,,,False,False,False
Hillgill,,OE000335,Hillgill Ally,08/04/15,,female,Clarkshill Ted,Hillgill Thelma,,,,,,,False,False,False
Hillgill,,OE000334,Hillgill Bertie,04/04/15,,male,Clarkshill Archie,Clarkshill Molly IV,,,,,,,False,False,False
Hillgill,,OE000323,Hillgill Betty,15/04/14,,female,Clarkshil Ted,Hillgill Greta,,,,,,,False,False,False
Hillgill,,OE000302,Hillgill Greta,22/06/13,,female,Clarkshill Sam,Clarkshill Molly IV,,,,,,,False,False,False
Hillgill,,OE000266,Hillgill Janet,15/03/12,,female,Clarkshill Sam,Clarkshill Clara,,,,,,,False,False,False
Hillgill,,OE000331,Hillgill Mary,31/01/15,,female,unknown,Hillgill Daisy,,,,,,,False,False,False
Hillgill,,OE000303,Hillgill Phoebe,19/03/13,,female,Clarkshill Sam,Clarkshill Clara,,,,,,,False,False,False
Hillgill,,OE000344,Hillgill Robbie,19/05/16,,male,Middlearth Robbie,Clarkshill Molly IV,,,,,,,False,False,False
Hillgill,,OE000336,Hillgill Sally,08/04/15,,female,Clarkshill Ted,Hillgill Thelma,,,,,,,False,False,False
Hillgill,,OE000333,Hillgill Sambo,22/03/15,,male,Clarkshill Ted,Hillgill Greta,,,,,,,False,False,False
Hillgill,,OE000343,Hillgill Suzie,30/03/16,,female,Clarkshill Ted,Hillgill Thelma,,,,,,,False,False,False
Hillgill,,OE000265,Hillgill Thelma,13/03/12,,female,Clarkshill Sam,Clarkshill Molly IV,,,,,,,False,False,False
Hillgill,,OE000332,Hillgill Tulip,18/03/15,,female,Clarkshill Ted,Hillgill Phoebe,,,,,,,False,False,False
Homestead,,OE000267,Homestead Bluebell,22/02/12,,female,Cappanuke Lenny,Sharabek Milly,,,,,,,False,False,False
Homestead,,OE000268,Homestead Snowdrop,22/02/12,,female,Cappanuke Lenny,Sharabek Milly,,,,,,,False,False,False
Jinglejoys,,OE000099,Jinglejoys 01/06,,,male,Jinglejoys Adam,Jinglejoys Nikea,Litter notification.  Light fawn/strong marks with  top knot,,,,,,False,False,False
Jinglejoys,,OE000056,Jinglejoys 02/05,20/05/2005,,male,Jinglejoys Lucky Star,Pearl of Jinglejoys,Blue/White,,,,,,False,False,False
Jinglejoys,,OE000100,Jinglejoys 02/06,,,male,Jinglejoys Adam,Jinglejoys Nancy,Litter notification.  Blue/white plain kid.  Not special,,,,,,False,False,False
Jinglejoys,,OE000057,Jinglejoys 03/05,01/04/2005,,male,Jinglejoys Saturn,Smoke of Jinglejoys,Black/White,,,,,,False,False,False
Jinglejoys,,OE000106,Jinglejoys 04/06,21/03/2006,,female,Jinglejoys Adam,Lilly,Blue/white/thicker coat and shows promise,,,,,,False,False,False
Jinglejoys,,OE000059,Jinglejoys 05/05,01/02/2005,,female,Jinglejoys Saturn,Jinglejoys Nightjar,Silver/Fawn/White,,,,,,False,False,False
Jinglejoys,,OE000108,Jinglejoys 05/06,,,female,Jinglejoys Adam,Unregistered,Shortcoat plain nanny.  Dams ear tag 39,,,,,,False,False,False
Jinglejoys,,OE000060,Jinglejoys 06/05,23/01/2005,,female,Jinglejoys Saturn,Jinglejoys Heidi,Silver/Fawn,,,,,,False,False,False
Jinglejoys,,OE000109,Jinglejoys 06/06,15/03/2006,,male,Jinglejoys Adam,Jinglejoys Lucinda,Ice blue.  Chunky boy worth watching,,,,,,False,False,False
Jinglejoys,,OE000061,Jinglejoys 07/05,17/01/2005,,male,Jinglejoys Notesheet,Sweetrose of Jinglejoys,Black/tan.  Bottle reared.,,,,,,False,False,False
Jinglejoys,,OE000110,Jinglejoys 07/06,15/03/2006,,female,Jinglejoys Adam,Jinglejoys Lucinda,Fawn/white.  Will watch,,,,,,False,False,False
Jinglejoys,,OE000062,Jinglejoys 08/05,05/02/2005,,male,Jinglejoys Saturn,Jinglejoys Taffitina,Blue/white,,,,,,False,False,False
Jinglejoys,,OE000111,Jinglejoys 08/06,15/03/2006,,female,Jinglejoys Adam,Jinglejoys Nightjar,Blue/white.  Looks promising,,,,,,False,False,False
Jinglejoys,,OE000064,Jinglejoys 09/05,28/01/2005,,male,Jinglejoys Saturn,Jinglejoys Nancy,,,,,,,False,False,False
Jinglejoys,,OE000112,Jinglejoys 09/06,,,female,Jinglejoys Adam,Smoke of Jinglejoys,,,,,,,False,False,False
Jinglejoys,,OE000113,Jinglejoys 10/06,,,male,Jinglejoys Adam,Jinglejoys Tapestry,Fawn with egba markings.  Nice but plain,,,,,,False,False,False
Jinglejoys,,OE000068,Jinglejoys 13/05,29/12/2004,,female,Jinglejoys Saturn,Jinglejoys Nutkin,Silver/White.  Deceased (arbitory date),,,,,,False,False,False
Jinglejoys,,OE000026,Jinglejoys Adam,10/02/2002,,male,Jinglejoys Nymphs Silva,Jinglejoys Angelica,,,,,,,False,False,False
Jinglejoys,,OE000055,Jinglejoys Beetlejuice,01/02/2005,,male,Jinglejoys Saturn,Jinglejoys Buttabriar,Silver/Fawn and White.,,,,,,False,False,False
Jinglejoys,,OE000017,Jinglejoys Buttabriar,06/02/2002,,female,Jinglejoys Woody,Jinglejoys Brandybutta,,,,,,,False,False,False
Jinglejoys,,OE000114,Jinglejoys Hansell,12/03/2004,,male,Jinglejoys Neptune,Heidi,Kept him back as promising,,,,,,False,False,False
Jinglejoys,,OE000022,Jinglejoys Heidi,16/02/2002,,female,Jinglejoys Blue Moon,Unknown,Dam of unknown parentage,,,,,,False,False,False
Jinglejoys,,OE000024,Jinglejoys Klarrissa,11/02/2002,,female,Jinglejoys Nymphs Silva,Jinglejoys Klova,,,,,,,False,False,False
Jinglejoys,,OE000104,Jinglejoys Kneesocks,23/03/2006,,female,Jinglejoys Adam,Jinglejoys Nishca,Fawn/black mask and black socks,,,,,,False,False,False
Jinglejoys,,OE000235,Jinglejoys Lyla,17/03/09,,female,Jinglejoys Sard,Jinglejoys Lola,,,,,,,False,False,False
Jinglejoys,,OE000098,Jinglejoys Magna,14/03/2006,,male,Jinglejoys Adam,Jinglejoys Mist,Nice billy.  Mother has done him well.  Worth keeping an eye on. blue/white poss half-coat,,,,,,False,False,False
Jinglejoys,,OE000298,Jinglejoys Marble,30/05/13,,female,Cloud of Jinglejoys,Jinglejoys Marianne,,,,,,,False,False,False
Jinglejoys,,OE000233,Jinglejoys Mariane,27/03/07,,female,Jinglejoys Titan,Jinglejoys Mist,,,,,,,False,False,False
Jinglejoys,,OE000097,Jinglejoys Mist,01/03/2004,,female,Jinglejoys Neptune,Smoke of Jinglejoys,Left to mature.  Has nice male kid and good udder.  Think worth registering,,,,,,False,False,False
Jinglejoys,,OE000063,Jinglejoys Nancy,16/02/2002,,female,Jinglejoys Blue Moon,Jinglejoys Nannette,,,,,,,False,False,False
Jinglejoys,,OE000345,Jinglejoys Naomi,08/06/14,,female,Jinglejoys Nutcracker,Jinglejoys Nitya,,,,,,,False,False,False
Jinglejoys,,OE000282,Jinglejoys Neddy,09/03/12,,male,Jinglejoys Nobelium,Jinglejoys Nippa,,,,,,,False,False,False
Jinglejoys,,OE000294,Jinglejoys Nero,17/05/13,,male,Jinglejoys Nutcracker,Jinglejoys Nimity,,,,,,,False,False,False
Jinglejoys,,OE000025,Jinglejoys Nettle,14/02/2002,,female,Jinglejoys Lucky Star,Jinglejoys Nicholia,Deceased - (arbitary date).  Enterotoxaemia,,,,,,False,False,False
Jinglejoys,,OE000069,Jinglejoys Niceone,30/01/2005,,female,Jinglejoys Lucky Star,Jinglejoys Nicety,Blue roan,,,,,,False,False,False
Jinglejoys,,OE000234,Jinglejoys Nickel,17/03/08,,female,Jinglejoys Adam,Jinglejoys Nymph,,,,,,,False,False,False
Jinglejoys,,OE000021,Jinglejoys Nightjar,16/02/2002,,female,Jinglejoys Lucky Star,Jinglejoys Nightingale,,,,,,,False,False,False
Jinglejoys,,OE000296,Jinglejoys Nikita,18/05/13,,female,Jinglejoys Magna,Jinglejoys Nickle,,,,,,,False,False,False
Jinglejoys,,OE000102,Jinglejoys Nimity,16/03/2006,,female,Jinglejoys Adam,Jinglejoys Nicety,Litter notification.  Plain fawn/white nanny,,,,,,False,False,False
Jinglejoys,,OE000261,Jinglejoys Nippa,04/11,,female,Jinglejoys Nobelium,Jinglejoys Nickle,,,,,,,False,False,False
Jinglejoys,,OE000066,Jinglejoys Nishca,30/01/2005,,female,Jinglejoys Saturn,Jinglejoys Nikea,Fawn/white,,,,,,False,False,False
Jinglejoys,,OE000295,Jinglejoys Nitya,18/05/13,,female,Jinglejoys Magna,Jinglejoys Nickle,,,,,,,False,False,False
Jinglejoys,,OE000297,Jinglejoys Nixie,19/05/13,,female,Cloud of Jinglejoys,Jinglejoys Nippa	OE297,,,,,,,False,False,False
Jinglejoys,,OE000293,Jinglejoys Nixon,13/03/12,,male,Jinglejoys Nobelium,Jinglejoys Nickle,,,,,,,False,False,False
Jinglejoys,,OE000237,Jinglejoys Nobelium,16/01/08,,male,Jinglejoys Nizam,Jinglejoys Nishca,,,,,,,False,False,False
Jinglejoys,,OE000107,Jinglejoys Noel,25/12/2005,,female,Jinglejoys Neptune,Jinglejoys NiceOne,Blue longcoat,,,,,,False,False,False
Jinglejoys,,OE000065,Jinglejoys Nuiscance,18/01/2005,,female,Jinglejoys Saturn,Jinglejoys Nightingale,Silver/Fawn/White.  Bottle reared,,,,,,False,False,False
Jinglejoys,,OE000279,Jinglejoys Nutcracker,09/03/12,,male,Jinglejoys Nobelium,Jinglejoys Nymph,,,,,,,False,False,False
Jinglejoys,,OE000236,Jinglejoys Nygela,29/06/09,,female,Jinglejoys Sard,Jinglejoys Nuisance,,,,,,,False,False,False
Jinglejoys,,OE000067,Jinglejoys Nymph,18/01/2005,,female,Jinglejoys Saturn,Jinglejoys Nightingale,Tan/White.  Botte reared,,,,,,False,False,False
Jinglejoys,,OE000103,Jinglejoys SweetSuprise,02/07/2005,,female,Jinglejoys Neptune,Sweetrose of Jinglejoys,Fawn/white longcoat--2nd kidding of 2005,,,,,,False,False,False
Jinglejoys,,OE000020,Jinglejoys Tapestry,08/03/2002,,female,Jinglejoys Blue Moon,Jinglejoys Taffitina,,,,,,,False,False,False
Jinglejoys,,OE000101,Jinglejoys Tiara,25/03/2006,,female,Jinglejoys Adam,Jinglejoys Taffitina,Good bone.  Welsh black and white markings. Worth watching,,,,,,False,False,False
Jinglejoys,,OE000280,Jinglejoys Tiffiny,10/03/12,,female,Jinglejoys Magna,Jinglejoysd Tabitha,,,,,,,False,False,False
Jinglejoys,,OE000321,Jinglejoys Tipsy,09/03/12,,female,Jinglejoys Nobelium,Jinglejoys Taffetina,,,,,,,False,False,False
Jinglejoys,,OE000058,Jinglejoys Titan,02/02/2005,,male,Jinglejoys Saturn,Jinglejoys Tapestry,Fawn/White,,,,,,False,False,False
Jinglejoys,,OE000346,Jinglejoys Tuppence,08/06/14,,female,Jinglejoys Nutcracker,Jinglejoys Tipsy,,,,,,,False,False,False
Jinglejoys,,OE000023,Jinglejoys Verity,15/02/2002,,female,Jinglejoys Blue Moon,Jinglejoys Vanity,,,,,,,False,False,False
Jonomi,,OE000269,Jonomi Basil,15/04/12,,male,Clarkshill Ted,Whernside Tabitha,,,,,,,False,False,False
Jonomi,,OE000270,Jonomi Bluebell,15/04/12,,female,Clarkshill Ted,Whernside Tabitha,,,,,,,False,False,False
Langham,,OE000087,Langham Amber,21/03/2006,,female,Boniface Oak,Anya of Langham,,,,,,,False,False,False
Jinglejoys,,OE000105,Jinglejoys Lilly,16/03/2004,,female,Jinglejoys Neptune,Jinglejoys Lucinda,Plain leggy blue/white smoothcoat,,,,,,False,False,False
Clarkshill,,OE000150,Mary of Clarkshill,unknown,,female,Cheviot feral,Cheviot feral,,,,,,,False,False,False
Talisman,,OE000141,McTavish of Talisman,2006,,male,Cheviot feral,Cheviot feral,"Believed to have been born 2006.  
Arrived at Roachburn House 28 Oct 2007",,,,,,False,False,False
Middlearth,,OE000304,Middlearth Apple,19/07/13,,female,Boniface Hansel,talisman Bramble,,,,,,,False,False,False
Middlearth,,OE000305,Middlearth Bracken,25/07/13,,male,Insufficient Data,Angrholm Fern,,,,,,,False,False,False
Middlearth,,OE000306,Middlearth Charlie,28/07/13,,male,Boniface Hansel,Whiterose Sally,,,,,,,False,False,False
Middlearth,,OE000319,Middlearth Cider,05/07/13,,female,Brynatine Gonkey,Clarkshill Edna,,,,,,,False,False,False
Middlearth,,OE000307,Middlearth Clive,13/07/13,,male,Whernside Wilfred,Watersedge Daisymay,,,,,,,False,False,False
Middlearth,,OE000309,Middlearth Derek,28/05/13,,male,Whernside Wilfred,Clarkshill Foxglove,,,,,,,False,False,False
Middlearth,,OE000311,Middlearth Domino,03/07/13,,male,Whernside Wilfred,Whernside Ruby,,,,,,,False,False,False
Middlearth,,OE000312,Middlearth Enya,06/07/13,,female,Whernside Wilfred,Middlearth Flower,,,,,,,False,False,False
Middlearth,,OE000313,Middlearth Eomer,29/04/13,,female,Brynatine Gonkey,Middlearth Eowen,,,,,,,False,False,False
Middlearth,,OE000246,Middlearth Eowen,01/04/11,,female,Clarkshill Littlebilly,Clarkshill Foxglove,,,,,,,False,False,False
Middlearth,,OE000249,Middlearth Florence,30/06/11,,female,Clarkshill Harry,Talisman Gertrude,,,,,,,False,False,False
Middlearth,,OE000283,Middlearth Flower,04/12,,female,Clarkshill Harry,Talisman Pennyroyal,,,,,,,False,False,False
Middlearth,,OE000284,Middlearth Galadriel,,,female,Boniface Hansel(EGBA),Talisman Tilia,,,,,,,False,False,False
Middlearth,,OE000314,Middlearth George,01/07/13,,male,Whernside Yuri,Middlearth Rebecca,,,,,,,False,False,False
Middlearth,,OE000310,Middlearth Iris,28/05/13,,female,Whernside Wilfred,Clarkshill Foxglove,,,,,,,False,False,False
Middlearth,,OE000315,Middlearth Louis,02/07/13,,male,Whernside Yuri,Talisman Tilia,,,,,,,False,False,False
Middlearth,,OE000316,Middlearth Panda,03/07/13,,male,Whernside Wilfred,Whernside Ruby,,,,,,,False,False,False
Middlearth,,OE000308,Middlearth Raymond,13/07/13,,male,Whernside Wilfred,Watersedge Daisymay,,,,,,,False,False,False
Middlearth,,OE000245,Middlearth Rebecca,23/03/11,,female,Clarkshill Littlebilly,Clarkshill Janet,,,,,,,False,False,False
Middlearth,,OE000340,Middlearth Robbie,12/02/13,,male,Cheviot feral,Bella at Middlearth,,,,,,,False,False,False
Middlearth,,OE000320,Middlearth Rosie,05/07/13,,female,Brynatine Gonkey,Clarkshill Edna,,,,,,,False,False,False
Middlearth,,OE000317,Middlearth Rupert,09/07/13,,male,Brynatine Gonkey,Watersedge Magpie,,,,,,,False,False,False
Middlearth,,OE000318,Middlearth Sidney,25/05/13,,male,Whernside Zebedee,Wickenlees Dolly,,,,,,,False,False,False
Talisman,,OE000001,Molly of Talisman,01/03/1999,,female,Feral,Feral,"Discovered among a flock of sheep  in the Hawick area of Scotland.  Rescued by Molly Laing then adopted.
Height and weight on 16 Aug 04 - 24.5""/37.5kg",,,,,,False,False,False
Blackthorn,,UK2,Naomi of Blackthorn,,,female,Insufficient Data,Insufficient Data,,,,,,,False,False,False
Whernside,,OE000149,Newton of Whernside,unknown,,male,Cheviot feral,Cheviot feral,,,,,,,False,False,False
,,OE000121,Whether OE000121,29/03/2007,,male,Talisman Jakob,Roachburn Marigold,,,,,,,False,False,False
Jinglejoys,,OE000018,Pearl of Jinglejoys,,,female,Cheviot Feral,Cheviot Feral,Born 1998 approx,,,,,,False,False,False
Pelydryn,,OE000073,Pelydryn Tudor King,11/12/2005,,male,Cappanuke Marmaduke,Cappanuke Cadette,Born 1630 out of Cadette by Chuffy,,,,,,False,False,False
Pendle,,OE000126,Pendle Poppy,17/03/2007,,female,Talisman Tormentil,Whernside Fanny,,,,,,,False,False,False
Pendle,,OE000127,Pendle Rose,17/03/2007,,female,Talisman Tormentil,Whernside Fanny,,,,,,,False,False,False
Pendle,,OE000125,Pendle Violet,30/03/2007,,female,Talisman Tormentil,Whernside Jessie,,,,,,,False,False,False
Penwood,,OE000244,Penwood Seren,14/04/11,,female,Wickenlees Jim,Wickenlees Dolly,,,,,,,False,False,False
Rumworth,,OE000339,Rumworth Elsie,18/06/15,,female,Clarkshill Sam,Wickenlees Pearl,,,,,,,False,False,False
Rumworth,,OE000338,Rumworth Ruby,13/06/15,,female,Clarkshill Sam,Wickenlees Bella,,,,,,,False,False,False
Clarkshill,,OE000163,Clarkshill Sam' s twin,04/08,,male,George of Clarkshill,Clarkshill Dot,,,,,,,False,False,False
Savalmhor,,OE000184,Savalmhor Hilda,23/02/08,,female,Talisman Jakob,Clarkshill Bev,,,,,,,False,False,False
Savalmhor,,OE000183,Savalmhor Maggie,03/03/08,,female,Talisman Jakob,Clarkshill Joy,,,,,,,False,False,False
Savalmhor,,OE000182,Savalmhor Molly,03/03/08,,female,Talisman Jakob,Clarkshill Joy,,,,,,,False,False,False
Sharabek,,OE000090,Sharabek Addison,03/04/2006,,male,Cappanuke Lucius,Cappanuke Shona,"Out of Shona by Luke - third nipple
5 Oct 06 - Health check - 3rd nipple has been re-absorbed
Failed to put on height.  Sex drive non-existant.  Looking cute not enough reason to keep him going",,,,,,False,False,False
Sharabek,,OE000091,Sharabek Berty,06/04/2006,,male,Cappanuke Lucius,Cappanuke Ruth,Out of Ruth by Luke,,,,,,False,False,False
Sharabek,,OE000079,Sharabek Brandy,04/01/2006,,male,Cappanuke Marmaduke,Cappanuke Gillian,Out of  Gill by Cuffy,,,,,,False,False,False
Sharabek,,OE000096,Sharabek Charlie,15/05/2006,,male,Cappanuke Lucius,Crescendo of Cappanuke,Out of Noisy by Luke,,,,,,False,False,False
Sharabek,,OE000078,Sharabek Holly,24/12/2005,,female,Cappanuke Marmaduke,Cappanuke Jane,"Born @1000 out of C. Jane by Chuffy
Broke Leg - 3 Apr 06",,,,,,False,False,False
Sharabek,,OE000095,Sharabek May,01/05/2006,,female,Cappanuke Lucius,Clare of Cappanuke,Out of Clare by Luke,,,,,,False,False,False
Sharabek,,OE000144,Sharabek Millie,19/03/2008,,female,Sharabek Charlie,Cappanuke Miranda,,,,,,,False,False,False
Sharabek,,OE000088,Sharabek Molly,27/03/2006,,female,Cappanuke Lucius,Cappanuke Hannah,"Out of Hannah by Luke
Tag 508435-012 replaced by 508033-118
Found dead - strangled in hay rack",,,,,,False,False,False
Sharabek,,OE000285,Sharabek Ruth,05/05/08,,female,Sharabek Charlie,Sharabek May,,,,,,,False,False,False
Sharabek,,OE000089,Sharabek Tommy,27/03/2006,,male,Cappanuke Lucius,Cappanuke Hannah,Out of Hannah by Luke,,,,,,False,False,False
Sibthorpe,,OE000169,Sibthorpe Conker,14/03/00,,female,Makepeace Poins,Sherwood Jacqui,,,,,,,False,False,False
Sibthorpe,,OE000168,Sibthorpe Whitby,14/03/00,,female,Makepeace Poins,Sherwood Jacqui,,,,,,,False,False,False
Sinne,,OE000052,Sinne Knight,01/05/2005,,male,Eshlaude Cam,Cappanuke Alice,Poor temperament,,,,,,False,False,False
Sinne,,OE000053,Sinne May,01/05/2005,,female,Eshlaude Cam,Cappanuke Alice,,,,,,,False,False,False
Jinglejoys,,OE000019,Smoke of Jinglejoys,,,female,Cheviot Feral,Cheviot Feral,Born 1999 approx,,,,,,False,False,False
Talisman,,OE000135,Talisman Annie,19/05/2007,,female,Talisman Jakob,Talisman Angelica,Sold to Margaret Silcock.  Killed on railway line.,,,,,,False,False,False
Talisman,,OE000300,Talisman Aspen,12/06/13,,female,Clarkshill Archie,Talisman Poplar,,,,,,,False,False,False
Talisman,,OE000202,Talisman Bramble,18/06/09,,female,Clarkshill Archie,Talisman Daisy,,,,,,,False,False,False
Talisman,,OE000071,Talisman Daisy,01/07/2005,,female,Talisman Polestar,Roachburn Marigold,,,,,,,False,False,False
Talisman,,OE000120,Talisman Edward,29/03/2007,,male,Talisman Jakob,Roachburn Marigold,,,,,,,False,False,False
Talisman,,OE000200,Talisman Felicity,13/04/09,,female,Clarkshill David,Talisman Tansy,dead,,,,,,False,False,False
Talisman,,OE000201,Talisman Florence,13/04/09,,female,Clarkshill David,Talisman Tansy,,,,,,,False,False,False
Talisman,,OE000124,Talisman Gertrude,30/03/2007,,female,Talisman Jakob,Talisman Daisy,,,,,,,False,False,False
Talisman,,OE000123,Talisman Goliath,30/03/2007,,male,Talisman Jakob,Talisman Daisy,slaughtered,,,,,,False,False,False
Talisman,,OE000032,Talisman Ilex,18/03/2004,,male,Roachburn Kelvin,Talisman Hedera,,,,,,,False,False,False
Talisman,,OE000072,Talisman Jakob,10/07/2005,,male,Roachburn Kelvin,Molly of Talisman,Formally known as Meatpie,,,,,,False,False,False
Talisman,,OE000117,Talisman Kandytuft,23/03/2007,,female,Talisman Jakob,Talisman Periwinkle,"Breeders Comments:  None Printable!
2/7/7: Reported possibilty of a double teat - to be monitored",,,,,,False,False,False
Talisman,,OE000250,Talisman Noah,15/04/11,,male,Brynatine Gonkey,Talisman Kandytuft,culled,,,,,,False,False,False
Talisman,,OE000262,Talisman Pearl,15/04/11,,female,Brynatine Gonkey,Talisman Kandytuft,,,,,,,False,False,False
Talisman,,OE000203,Talisman Pennyroyal,15/08/09,,female,Clarkshill Archie,Talisman Gertrude,,,,,,,False,False,False
Talisman,,OE000002,Talisman Polestar,28/03/2004,,male,Roachburn Kelvin,Molly of Talisman,,,,,,,False,False,False
Talisman,,OE000251,Talisman Poplar,15/04/11,,female,Brynatine Gonkey,Talisman Tansy,,,,,,,False,False,False
Talisman,,OE000031,Talisman Rainbow,24/03/2004,,female,Roachburn Kelvin,Talisman Periwinkle,,,,,,,False,False,False
Talisman,,OE000122,Talisman Rosie,29/03/2007,,female,Talisman Jakob,Roachburn Marigold,To Eden ostrich World via CP,,,,,,False,False,False
Talisman,,OE000070,Talisman Rowan,01/07/2005,,female,Talisman Polestar,Roachburn Marigold,,,,,,,False,False,False
Talisman,,OE000050,Talisman Tansy,11/04/2005,,female,Talisman Polestar,Talisman Angelica,,,,,,,False,False,False
Talisman,,OE000252,Talisman Tilia,15/04/11,,female,Brynatine Gonkey,Talisman Tansy,,,,,,,False,False,False
Talisman,,OE000118,Talisman Timothy,28/03/2007,,male,Talisman Jakob,Talisman Tansy,"TER,CP,Eden Ostrich world",,,,,,False,False,False
Talisman,,OE000051,Talisman Tormentil,11/04/2005,,male,Talisman Polestar,Talisman Angelica,,,,,,,False,False,False
Talisman,,OE000119,Talisman Zerna,28/03/2007,,female,Talisman Jakob,Talisman Tansy,,,,,,,False,False,False
Whernside,,OE000162,triplet,02/04/08,,male,George of Clarkshill,Whernside Edna,died very young,,,,,,False,False,False
Cappanuke,,OE000010,Tufty of Cappanuke,01/03/2003,,male,Galloway Feral,Galloway Feral,"Arrived on 19 April from  Galloway Goat Park before cull.
Nice looking male who failed to full domesticate and integrate with pack.  Too rough with in season nannies
Put down - showing signs of instability and attacking nannies.",,,,,,False,False,False
Watersedge,,UK1,Watersedge Bobbie,07/07/11,,male,Clarkshill Harry,Clarkshill Edna,,,,,,,False,False,False
Watersedge,,OE000248,Watersedge Daisymay,04/05/11,,female,Clarkshill Sam,Whernside Ruby,,,,,,,False,False,False
Watersedge,,OE000247,Watersedge Magpie,04/05/11,,female,Clarkshill Sam,Whernside Ruby,,,,,,,False,False,False
Whernside,,OE000044,Whernside 01,16/03/2005,,female,Clarkshill Jack,Whernside Beatrice,Still born.  Standard eelstripe colouring with strong plimsoll line.,,,,,,False,False,False
Whernside,,OE000286,Whernside Bertie,13/04/13,,male,Clarkshill Ted,Whernside Sophie,,,,,,,False,False,False
Whernside,,OE000151,Whernside Edna,21/06/98,,female,Hollinhey Humphrey,Whernside Beatrice,EGBA- B1597,,,,,,False,False,False
Whernside,,OE000341,Whernside Edward,04/05/15,,male,Middlearth Robbie,Whernside Vera,,,,,,,False,False,False
Whernside,,OE000176,Whernside Fanny,28/04/99,,female,Linjen Ronan,Whernside Dolly,,,,,,,False,False,False
Whernside,,OE000157,Whernside Hilda,08/04/01,,female,Linjen Ronan,Whernside Fanny,EGBA-B1757,,,,,,False,False,False
Whernside,,OE000042,Whernside Ida,09/03/2005,,female,Clarkshill Jack,Whernside Hilda,"Standard blackbelly/black wellies version, no white markings lovely back legs and lots of spunk.  Ears too long, all set to have foul temperament of her mother, tho at least cuddly.  Will register with EGBA too",,,,,,False,False,False
Whernside,,OE000092,Whernside Katie,15/04/2006,,female,Talisman Tormentil,Whernside Ida,Jet black with white crescent topknot,,,,,,False,False,False
Whernside,,OE000179,Whernside Leonard,28/03/03,,male,Linjen Ronan,Cottage Primrose,,,,,,,False,False,False
Whernside,,OE000115,Whernside Lucy,05/03/2007,,female,Talisman Tormentil,Whernside Hilda,,,,,,,False,False,False
Whernside,,OE000128,Whernside Meg,25/05/2007,,female,Talisman Rowan,Whernside Katie,"Standard eel-stripe pattern on a rather dark fawn at birth.
Bright leg markings",,,,,,False,False,False
Whernside,,OE000129,Whernside Nellie,25/05/2007,,female,Talisman Rowan,Whernside Katie,"Splodge of white on her face and some white spots on  flanks, also dark fawn            
Bright leg markings",,,,,,False,False,False
Whernside,Templeton,OE000142,Whernside Olivia,11/04/2008,,female,Newton of Whernside,Whernside Lucy,,,,,,,False,False,False
Whernside,,OE000016,Whernside Oscar,,,male,Linjen Ronan,Whernside Beatrice,Born 2003.  Extra teat.,,,,,,False,False,False
Whernside,,OE000045,Whernside Patrick,19/03/2005,,male,Clarkshill Jack,Cottage Paeony,"One of twins, large and lusty, black-belly version.",,,,,,False,False,False
Whernside,,OE000143,Whernside Penny,15/04/2008,,female,Newton of Whernside,Whernside Nellie,,,,,,,False,False,False
Whernside,,OE000228,Whernside Quean,07/04/09,,female,Newton of Whernside,Whernside Nellie,,,,,,,False,False,False
Whernside,,OE000046,Whernside Quentin,19/03/2005,,male,Clarkshill Jack,Cottage Paeony,"One of twins. Half-sized, rejected by mother, possibly cerebral palsy? Put down yesterday after efforts to handrear produced no progress. A light, greyish, nice leg markings, only faint eelstripe.",,,,,,False,False,False
Whernside,,OE000048,Whernside Ronnie,29/03/2005,,male,Clarkshill Jack,Whernside Fanny,One of twins. Another blackbelly,,,,,,False,False,False
Whernside,,OE000229,Whernside Ruby,07/04/09,,female,Newton of Whernside,Whernside Nellie,,,,,,,False,False,False
Whernside,,OE000093,Whernside Sidney,15/04/2006,,male,Talisman Tormentil,Whernside Ida,Standard beige-with-eelstripe,,,,,,False,False,False
Whernside,Templeton,OE000221,Whernside Sophie,29/03/10,,female,Clarkshill Archie,Whernside Lucy,,,,,,,False,False,False
Whernside,,OE000223,Whernside Tabitha,31/05/10,,female,Clarkshill Sam,Whernside Hilda,,,,,,,False,False,False
Whernside,,OE000094,Whernside Tobias,22/04/2006,,male,Talisman Tormentil,Whernside Jessie,Standard beige with eelstripe but WHITE EARS,,,,,,False,False,False
Whernside,,OE000241,Whernside Unity,17/04/11,,female,Brynatine Gonkey,Whernside Sophie,,,,,,,False,False,False
Whernside,Templeton,OE000287,Whernside Vera,13/04/13,,female,Clarkshill Ted,Whernside Sophie,,,,,,,False,False,False
Whernside,,OE000222,Whernside Wilfred,29/03/10,,male,Clarkshill Archie,Whernside Lucy,,,,,,,False,False,False
Whernside,,OE000288,Whernside Winnie,04/05/13,,female,Clarkshill Ted,Whernside Olivia,,,,,,,False,False,False
Whernside,,OE000289,Whernside Xanthe,04/05/13,,female,Clarkshill Ted,Whernside Olivia,,,,,,,False,False,False
Whernside,,OE000327,Whernside Yolande,02/05/14,,female,Wickenlees Robert,Whernside Vera,,,,,,,False,False,False
Whernside,,OE000242,Whernside Yuri,29/03/11,,male,Clarkshill Archie,Whernside Olivia,,,,,,,False,False,False
Whernside,,OE000243,Whernside Zebedee,29/03/11,,male,Clarkshill Archie,Whernside Olivia,,,,,,,False,False,False
Whiterose,,OE000260,Whiterose Sally,03/04/11,,female,Whernside Wilfred,Talisman Florence,,,,,,,False,False,False
Wickenlees,,OE000148,Wickenlees 01/08,27/04/2008,,female,Whernside Sidney,Wickenlees Sheila,,,,,,,False,False,False
Wickenlees,,OE000276,Wickenlees Bella,17/04/12,,female,Clarkshill Ted,Wickenlees Elina,,,,,,,False,False,False
Wickenlees,,OE000147,Wickenlees Benjamin,27/04/2008,,male,Whernside Sidney,Wickenlees Sheila,,,,,,,False,False,False
Wickenlees,Wickenlees,OE000272,Wickenlees Bess,30/03/12,08/06/2018,female,Clarkshill Ted,Wickenlees Peggy,Died 08/06/2018,,,,,,False,False,False
Wickenlees,,OE000342,Wickenlees Bonnie,28/04/16,,female,Clarkshill Archie,Wickenlees Tina,,,,,,,False,False,False
Wickenlees,,OE w,Wickenlees Clyde,28/04/16,,male,Clarkshill Archie,Wickenlees Tina,,,,,,,False,False,False
Wickenlees,,OE000275,Wickenlees Daisy,02/04/12,,female,Clarkshill Ted,Talisman Annie,,,,,,,False,False,False
Wickenlees,,OE000216,Wickenlees Dolly,03/04/09,,female,Newton of Whernside,Wickenlees Jill,,,,,,,False,False,False
Wickenlees,,OE000278,Wickenlees Emma,21/04/12,,female,Clarkshill Ted,Wickenlees Jill,,,,,,,False,False,False
Wickenlees,,OE000328,Wickenlees Freda,10/04/15,,female,Clarkshill Sam,Wickenlees Emma,,,,,,,False,False,False
Wickenlees,,OE000224,Wickenlees Gemima,02/06/07,,female,Whernside Sidney,Wickenlees Bramble,,,,,,,False,False,False
Wickenlees,,OE000137,Wickenlees Jack,02/04/2007,,male,Whernside Sidney,Wickenlees Shelia,Black with long coat. Sold 2011,,,,,,False,False,False
Wickenlees,,OE000330,Wickenlees Jenny,20/05/15,,female,Clatkshill Sam,Wickenlees Milly,,,,,,,False,False,False
Wickenlees,,OE000136,Wickenlees Jill,02/04/2007,,female,Whernside Sidney,Wickenlees Shelia,Fair - eel stripe and white patches,,,,,,False,False,False
Wickenlees,,OE000238,Wickenlees Jim,9,,male,Whernside Sidney,Talisman Annie,?castrated,,,,,,False,False,False
Wickenlees,,OE000322,Wickenlees Lilly,11/04/14,,female,Clarkshill Sam,Wickenlees Blackie,,,,,,,False,False,False
Wickenlees,,OE000217,Wickenlees Milly,28/04/09,,female,Newton of Whernside,Wickenlees Sheila,,,,,,,False,False,False
Wickenlees,,OE000277,Wickenlees Pearl,18/04/12,,female,Clarkshill Ted,Wickenlees Sarah,,,,,,,False,False,False
Wickenlees,,OE000220,Wickenlees Peggy,18/05/10,,female,Clarkshill David,Wickenlees Sandy,,,,,,,False,False,False
Wickenlees,,OE000329,Wickenlees Penny,20/05/15,,female,Clarkshill Sam,Wickenlees Milly,,,,,,,False,False,False
Wickenlees,Templeton,OE000301,Wickenlees Robert,06/06/13,,male,Wickenlees Thomas,Wickenlees Millie,,,,,,,False,False,False
Wickenlees,,OE000225,Wickenlees Sandy,05/98,,female,Whernside Sidney,Wickenlees Violet,,,,,,,False,False,False
Wickenlees,,OE000218,Wickenlees Sarah,17/06/10,,female,Wickenlees Jack,Talisman Annie,,,,,,,False,False,False
Wickenlees,,OE000116,Wickenlees Sheila,,,female,Insufficient Data,Insufficient Data,"Approx 5 years old at registration 24/3/7.
Sire a Whernside billy obtained in 1996
Inspected by Thelma Rowell and Sheila Griffen",,,,,,False,False,False
Wickenlees,,OE000219,Wickenlees Thomas,19/04/10,,male,Clarkshill David,Wickenlees Gemima,,,,,,,False,False,False
Wickenlees,,OE000274,Wickenlees Tina,07/04/12,,female,Clarkshill Ted,Wickenlees Milly,,,,,,,False,False,False
Wickenlees,,OE000273,Wickenlees Tracy,07/04/12,,female,Clarkshill Ted,Wickenlees Milly,,,,,,,False,False,False
Wickenlees,,OE000146,Wickenlees William,27/04/2008,,male,Whernside Sidney,Wickenlees Sheila,,,,,,,False,False,False
Templeton,Templeton,OE000361,Lynton Flic of Templeton,2013,,female,Lynton Feral,Lynton Feral,gathered from the April 2017 Lynton Round-up. blue coloured nanny with black lower legs. faded white belly,Lynton_Flic_1.jpg,,,,24 Inches,False,False,False
Templeton,Templeton,OE000360,Lynton Lavender of Templeton,2013,,female,Lynton Feral,Lynton Feral,Gathered at the April 2017 Lynton Round-up. Blue nanny with nice belize facial markings and black & tan bi-coloured legs,Lynton_Lavender_1.jpg,,,,24 Inches,False,False,False
Templeton,Templeton,OE000359,Lynton Lucy of Templeton,2013,,female,Lynton Feral,Lynton Feral,Gathered at the April 2017 Lynton Roundup. Blue coloured nanny with darker coat than the other 3 lynton rehomes. hints of brown at the edge. nice belize facial markings and black & tan legs,Lynton_Lucy_1.jpg,,,,,False,False,False
Templeton,Templeton,OE000362,Lynton Lilly of Templeton,2013,,female,Lynton Feral,Lynton Feral,"Gathered at the April 2017 Lynton Round-up. Blue coloured nanny. belize facial markings, black & tan legs, long coat!",Lynton_Lilly_1.jpg,,,,,False,False,False
Whernside,Templeton,OE000357,Whernside Fergus,01/05/2017,,male,Hillgill Sambo,Whernside Sophie,Twin to Zuleika. Father is Black,,,,,,False,False,False
Whernside,Templeton,OE000358,Whernside Zuleika,01/05/2017,,female,Hillgill Sambo,Whernside Sophie,Twin to Fergus,,,,,,False,False,False
Whernside,Templeton,OE000377,Whernside Annie,14/05/2018,,female,Hillgill Sambo,Whernside Sophie,"Black female, from Black Sire.",,,,,,False,False,False
Whernside,Templeton,OE000378,Whernside Bessie,08/06/2018,,female,Hillgill Sambo,Whernside Olivia,Father is Black,,,,,,False,False,False
